Jurisdictions,Effective Date,Valid Through Date,naaddressoaayn,nahealthcrimproyn,nanapimm1yn,narcimm1yn,nahealthcivliayn,nanapimm2yn,narcimm2yn,naloxone-presprof,naloxone-dispcrim,naloxone-dcrimpro,naloxone-dcrimcare,naloxone-dispciv,naloxone-dcivprog,naloxone-dcivcare,naloxone-presprof-disp,naloxone-thirdparty,naloxone-thirdprog,naloxone-thirdcare,pharmacist-dispensing,pharmacist-dispensing-method_Standing order,pharmacist-dispensing-method_Protocol order,pharmacist-dispensing-method_Naloxone-specific collaborative practice agreement,pharmacist-dispensing-method_Pharmacist prescriptive authority,pharmacist-dispensing-method_Directly authorized by legislature,naimmcrimprolpyn,nanapimm3yn,narcimm3yn,naimmcivlialpyn,nanapimm4yn,narcimm4yn,naloxone-crimpossesion,naloxone-crimpossessionprog,crim-possess-reasonable
Alabama,1/1/2001,6/7/2015,0,.,.,.,.,.,.,.,.,.,.,.,.,.,.,.,.,.,.,.,.,.,.,.,.,.,.,.,.,.,.,.,.
Alabama,6/8/2015,5/9/2016,1,1,0,0,1,0,0,0,1,0,0,1,0,0,0,1,0,0,1,1,0,0,0,0,1,0,1,1,0,1,0,.,.
Alabama,5/10/2016,1/1/2022,1,1,0,0,1,0,0,0,1,0,0,1,0,0,0,1,0,0,1,1,0,0,0,0,1,0,1,1,0,1,0,.,.
Alaska,1/1/2001,3/14/2016,0,.,.,.,.,.,.,.,.,.,.,.,.,.,.,.,.,.,.,.,.,.,.,.,.,.,.,.,.,.,.,.,.
Alaska,3/15/2016,3/21/2017,1,0,.,.,1,0,0,0,0,.,.,1,0,0,0,1,0,0,1,1,1,0,0,0,0,.,.,1,0,0,0,.,.
Alaska,3/22/2017,7/16/2017,1,0,.,.,1,0,0,0,0,.,.,1,0,0,0,1,0,0,1,1,1,0,0,0,0,.,.,1,0,0,0,.,.
Alaska,7/17/2017,7/25/2017,1,0,.,.,1,0,0,0,0,.,.,1,0,0,0,1,0,0,1,1,1,0,0,0,0,.,.,1,0,0,0,.,.
Alaska,7/26/2017,7/24/2018,1,0,.,.,1,0,0,0,0,.,.,1,0,0,0,1,0,0,1,1,1,0,0,0,0,.,.,1,0,0,0,.,.
Alaska,7/25/2018,12/31/2018,1,0,.,.,1,0,0,0,0,.,.,1,0,0,0,1,0,0,1,1,1,0,0,0,0,.,.,1,0,0,0,.,.
Alaska,1/1/2019,6/30/2019,1,0,.,.,1,0,0,0,0,.,.,1,0,0,0,1,0,0,1,1,1,0,0,0,0,.,.,1,0,0,0,.,.
Alaska,7/1/2019,6/29/2021,1,0,.,.,1,0,0,0,0,.,.,1,0,0,0,1,0,0,1,1,1,0,0,0,0,.,.,1,0,0,0,.,.
Alaska,6/30/2021,1/1/2022,1,0,.,.,1,0,0,0,0,.,.,1,0,0,0,1,0,0,1,1,1,0,0,0,0,.,.,1,0,0,0,.,.
Arizona,1/1/2001,8/5/2016,0,.,.,.,.,.,.,.,.,.,.,.,.,.,.,.,.,.,.,.,.,.,.,.,.,.,.,.,.,.,.,.,.
Arizona,8/6/2016,12/14/2016,1,1,0,1,0,.,.,1,1,0,1,0,.,.,1,1,0,1,1,1,1,0,0,0,0,.,.,1,0,0,0,.,.
Arizona,12/15/2016,6/2/2017,1,1,0,1,0,.,.,1,1,0,1,1,1,0,1,1,0,1,1,1,1,0,0,0,0,.,.,1,0,0,0,.,.
Arizona,6/3/2017,8/8/2017,1,1,0,1,0,.,.,1,1,0,1,1,1,0,1,1,0,1,1,1,1,0,0,0,0,.,.,1,0,0,0,.,.
Arizona,8/9/2017,4/25/2018,1,1,0,1,0,.,.,1,1,0,1,1,1,0,1,1,0,1,1,1,1,0,0,0,0,.,.,1,0,0,0,.,.
Arizona,4/26/2018,5/31/2019,1,1,0,1,0,.,.,1,1,0,1,1,1,0,1,1,0,1,1,1,1,0,0,0,0,.,.,1,0,0,0,.,.
Arizona,6/1/2019,8/26/2019,1,1,0,1,0,.,.,1,1,0,1,1,1,0,1,1,0,1,1,1,1,0,0,0,0,.,.,1,0,0,0,.,.
Arizona,8/27/2019,1/1/2022,1,1,0,1,0,.,.,1,1,0,1,1,1,0,1,1,0,1,1,1,1,0,0,0,0,.,.,1,0,0,0,.,.
Arkansas,1/1/2001,7/21/2015,0,.,.,.,.,.,.,.,.,.,.,.,.,.,.,.,.,.,.,.,.,.,.,.,.,.,.,.,.,.,.,.,.
Arkansas,7/22/2015,7/31/2017,1,1,0,0,1,0,0,1,1,0,0,1,0,0,1,1,0,0,1,1,0,0,0,0,1,0,0,1,0,0,0,.,.
Arkansas,8/1/2017,7/23/2019,1,1,0,0,1,0,0,1,1,0,0,1,0,0,1,1,0,0,1,1,1,0,0,0,1,0,0,1,0,0,0,.,.
Arkansas,7/24/2019,7/27/2021,1,1,0,0,1,0,0,1,1,0,0,1,0,0,1,1,0,0,1,1,1,0,0,0,1,0,0,1,0,0,0,.,.
Arkansas,7/28/2021,12/31/2021,1,1,0,0,1,0,0,1,1,0,0,1,0,0,1,1,0,0,1,1,1,0,0,0,1,0,0,1,0,0,0,.,.
Arkansas,1/1/2022,1/1/2022,1,1,0,0,1,0,0,1,1,0,0,1,0,0,1,1,0,0,1,1,1,0,0,0,1,0,0,1,0,0,0,.,.
California,1/1/2001,12/31/2007,0,.,.,.,.,.,.,.,.,.,.,.,.,.,.,.,.,.,.,.,.,.,.,.,.,.,.,.,.,.,.,.,.
California,1/1/2008,12/31/2010,1,1,1,1,1,1,1,0,1,1,0,1,1,0,0,0,.,.,0,.,.,.,.,.,0,.,.,0,.,.,0,.,.
California,1/1/2011,12/31/2013,1,1,1,1,1,1,1,0,1,1,0,1,1,0,0,0,.,.,0,.,.,.,.,.,1,1,0,0,.,.,0,.,.
California,1/1/2014,12/31/2014,1,1,0,1,1,0,1,1,1,0,0,1,0,0,1,1,0,1,1,1,0,0,0,0,1,1,1,1,1,1,0,.,.
California,1/1/2015,4/9/2015,1,1,0,1,1,0,1,1,1,0,0,1,0,0,1,1,0,1,1,1,1,0,0,0,1,1,1,1,1,1,0,.,.
California,4/10/2015,10/7/2015,1,1,0,1,1,0,1,1,1,0,0,1,0,0,1,1,0,1,1,1,1,0,0,0,1,1,1,1,1,1,0,.,.
California,10/8/2015,1/26/2016,1,1,0,1,1,0,1,1,1,0,0,1,0,0,1,1,0,1,1,1,1,0,0,0,1,1,1,1,1,1,0,.,.
California,1/27/2016,3/31/2020,1,1,0,1,1,0,1,1,1,0,0,1,0,0,1,1,0,1,1,1,1,0,0,0,1,1,1,1,1,1,0,.,.
California,4/1/2020,12/31/2021,1,1,0,1,1,0,1,1,1,0,0,1,0,0,1,1,0,1,1,1,1,0,0,0,1,1,1,1,1,1,0,.,.
California,1/1/2022,1/1/2022,1,1,0,1,1,0,1,1,1,0,0,1,0,0,1,1,0,1,1,1,1,0,0,0,1,1,1,1,1,1,0,.,.
Colorado,1/1/2001,5/9/2013,0,.,.,.,.,.,.,.,.,.,.,.,.,.,.,.,.,.,.,.,.,.,.,.,.,.,.,.,.,.,.,.,.
Colorado,5/10/2013,5/27/2013,1,1,0,0,1,0,0,1,1,0,0,1,0,0,1,0,.,.,0,.,.,.,.,.,1,0,0,1,0,0,0,.,.
Colorado,5/28/2013,6/30/2013,1,1,0,0,1,0,0,1,1,0,0,1,0,0,1,0,.,.,0,.,.,.,.,.,1,0,0,1,0,0,0,.,.
Colorado,7/1/2013,4/2/2015,1,1,0,0,1,0,0,1,1,0,0,1,0,0,1,0,.,.,0,.,.,.,.,.,1,0,0,1,0,0,0,.,.
Colorado,4/3/2015,5/13/2015,1,1,0,0,1,0,0,1,1,0,0,1,0,0,1,1,0,0,1,1,0,0,0,0,1,0,0,1,0,0,0,.,.
Colorado,5/14/2015,8/31/2015,1,1,0,0,1,0,0,1,1,0,0,1,0,0,1,1,0,0,1,1,0,0,0,0,1,0,0,1,0,0,0,.,.
Colorado,9/1/2015,9/13/2015,1,1,0,0,1,0,0,1,1,0,0,1,0,0,1,1,0,0,1,1,0,0,0,0,1,0,0,1,0,0,0,.,.
Colorado,9/14/2015,3/15/2016,1,1,0,0,1,0,0,1,1,0,0,1,0,0,1,1,0,0,1,1,0,0,0,0,1,0,0,1,0,0,0,.,.
Colorado,3/16/2016,11/13/2016,1,1,0,0,1,0,0,1,1,0,0,1,0,0,1,1,0,0,1,1,0,0,0,0,1,0,0,1,0,0,0,.,.
Colorado,11/14/2016,5/24/2017,1,1,0,0,1,0,0,1,1,0,0,1,0,0,1,1,0,0,1,1,0,0,0,0,1,0,0,1,0,0,0,.,.
Colorado,5/25/2017,11/13/2017,1,1,0,0,1,0,0,1,1,0,0,1,0,0,1,1,0,0,1,1,0,0,0,0,1,0,0,1,0,0,0,.,.
Colorado,11/14/2017,9/16/2018,1,1,0,0,1,0,0,1,1,0,0,1,0,0,1,1,0,0,1,1,0,0,0,0,1,0,0,1,0,0,0,.,.
Colorado,9/17/2018,5/22/2019,1,1,0,0,1,0,0,1,1,0,0,1,0,0,1,1,0,0,1,1,0,0,0,0,1,0,0,1,0,0,0,.,.
Colorado,5/23/2019,9/30/2019,1,1,0,0,1,0,0,1,1,0,0,1,0,0,1,1,0,0,1,1,0,0,0,0,1,0,0,1,0,0,0,.,.
Colorado,10/1/2019,11/29/2019,1,1,0,0,1,0,0,1,1,0,0,1,0,0,1,1,0,0,1,1,0,0,0,0,1,0,0,1,0,0,0,.,.
Colorado,11/30/2019,7/13/2020,1,1,0,0,1,0,0,1,1,0,0,1,0,0,1,1,0,0,1,1,0,0,0,0,1,0,0,1,0,0,0,.,.
Colorado,7/14/2020,8/29/2020,1,1,0,0,1,0,0,1,1,0,0,1,0,0,1,1,0,0,1,1,0,0,0,0,1,0,0,1,0,0,0,.,.
Colorado,8/30/2020,9/13/2020,1,1,0,0,1,0,0,1,1,0,0,1,0,0,1,1,0,0,1,1,0,0,0,0,1,0,0,1,0,0,0,.,.
Colorado,9/14/2020,11/13/2020,1,1,0,0,1,0,0,1,1,0,0,1,0,0,1,1,0,0,1,1,0,0,0,0,1,0,0,1,0,0,0,.,.
Colorado,11/14/2020,4/14/2021,1,1,0,0,1,0,0,1,1,0,0,1,0,0,1,1,0,0,1,1,0,0,0,0,1,0,0,1,0,0,0,.,.
Colorado,4/15/2021,8/31/2021,1,1,0,0,1,0,0,1,1,0,0,1,0,0,1,1,0,0,1,1,0,0,0,0,1,0,0,1,0,0,0,.,.
Colorado,9/1/2021,9/6/2021,1,1,0,0,1,0,0,1,1,0,0,1,0,0,1,1,0,0,1,1,0,0,1,0,1,0,0,1,0,0,0,.,.
Colorado,9/7/2021,11/29/2021,1,1,0,0,1,0,0,1,1,0,0,1,0,0,1,1,0,0,1,1,0,0,1,0,1,0,0,1,0,0,0,.,.
Colorado,11/30/2021,1/1/2022,1,1,0,0,1,0,0,1,1,0,0,1,0,0,1,1,0,0,1,1,0,0,1,0,1,0,0,1,0,0,0,.,.
Connecticut,1/1/2001,9/30/2003,0,.,.,.,.,.,.,.,.,.,.,.,.,.,.,.,.,.,.,.,.,.,.,.,.,.,.,.,.,.,.,.,.
Connecticut,10/1/2003,9/30/2012,1,1,0,1,1,0,1,0,1,0,1,1,0,1,0,0,.,.,0,.,.,.,.,.,0,.,.,0,.,.,0,.,.
Connecticut,10/1/2012,9/30/2014,1,1,0,1,1,0,1,0,1,0,1,1,0,1,0,0,.,.,0,.,.,.,.,.,0,.,.,0,.,.,0,.,.
Connecticut,10/1/2014,6/29/2015,1,1,0,1,1,0,1,0,1,0,1,1,0,1,0,0,.,.,0,.,.,.,.,.,1,0,1,1,0,1,0,.,.
Connecticut,6/30/2015,5/26/2016,1,1,0,0,1,0,0,1,1,0,0,1,0,0,1,1,0,0,1,0,0,0,1,0,1,0,1,1,0,1,0,.,.
Connecticut,5/27/2016,6/30/2017,1,1,0,0,1,0,0,1,1,0,0,1,0,0,1,1,0,0,1,0,0,0,1,0,1,0,1,1,0,1,0,.,.
Connecticut,7/1/2017,9/30/2017,1,1,0,0,1,0,0,1,1,0,0,1,0,0,1,1,0,0,1,0,0,0,1,0,1,0,1,1,0,1,0,.,.
Connecticut,10/1/2017,6/30/2018,1,1,0,0,1,0,0,1,1,0,0,1,0,0,1,1,0,0,1,1,0,0,1,0,1,0,1,1,0,1,0,.,.
Connecticut,7/1/2018,1/1/2022,1,1,0,0,1,0,0,1,1,0,0,1,0,0,1,1,0,0,1,1,0,0,1,0,1,0,1,1,0,1,0,.,.
Delaware,1/1/2001,8/3/2014,0,.,.,.,.,.,.,.,.,.,.,.,.,.,.,.,.,.,.,.,.,.,.,.,.,.,.,.,.,.,.,.,.
Delaware,8/4/2014,7/19/2017,1,1,0,0,1,0,0,1,1,0,0,1,0,0,1,0,.,.,1,1,0,0,0,0,0,.,.,0,.,.,0,.,.
Delaware,7/20/2017,6/11/2018,1,1,0,0,1,0,0,1,1,0,1,1,0,1,1,0,.,.,1,1,0,0,0,0,0,.,.,0,.,.,0,.,.
Delaware,6/12/2018,6/2/2021,1,1,0,0,1,0,0,1,1,0,1,1,0,1,1,0,.,.,1,1,0,0,0,0,0,.,.,0,.,.,0,.,.
Delaware,6/3/2021,1/1/2022,1,1,0,0,1,0,0,1,1,0,1,1,0,1,1,0,.,.,1,1,0,0,0,0,0,.,.,0,.,.,0,.,.
District of Columbia,1/1/2001,3/18/2013,0,.,.,.,.,.,.,.,.,.,.,.,.,.,.,.,.,.,.,.,.,.,.,.,.,.,.,.,.,.,.,.,.
District of Columbia,3/19/2013,2/17/2017,1,0,.,.,0,.,.,0,0,.,.,0,.,.,0,0,.,.,0,.,.,.,.,.,1,0,0,1,0,0,1,0,0
District of Columbia,2/18/2017,4/10/2019,1,1,0,0,1,0,0,0,1,0,0,1,0,0,0,1,0,0,1,1,0,0,1,0,1,0,0,1,0,0,1,0,0
District of Columbia,4/11/2019,3/15/2021,1,1,0,0,1,0,0,0,1,0,0,1,0,0,0,1,0,0,1,1,1,0,0,0,1,0,0,1,0,0,1,0,0
District of Columbia,3/16/2021,1/1/2022,1,1,0,0,1,0,0,0,1,0,0,1,0,0,0,1,0,0,1,1,1,0,0,0,1,0,0,1,0,0,1,0,0
Florida,1/1/2001,6/9/2015,0,.,.,.,.,.,.,.,.,.,.,.,.,.,.,.,.,.,.,.,.,.,.,.,.,.,.,.,.,.,.,.,.
Florida,6/10/2015,6/30/2016,1,1,0,1,1,0,1,1,1,0,1,1,0,1,1,1,0,1,0,.,.,.,.,.,0,.,.,1,0,0,0,.,.
Florida,7/1/2016,9/30/2017,1,1,0,1,1,0,1,1,1,0,1,1,0,1,1,1,0,1,1,1,0,0,0,0,0,.,.,1,0,0,0,.,.
Florida,10/1/2017,1/1/2022,1,1,0,1,1,0,1,1,1,0,1,1,0,1,1,1,0,1,1,1,0,0,0,0,0,.,.,1,0,0,0,.,.
Georgia,1/1/2001,4/23/2014,0,.,.,.,.,.,.,.,.,.,.,.,.,.,.,.,.,.,.,.,.,.,.,.,.,.,.,.,.,.,.,.,.
Georgia,4/24/2014,4/17/2017,1,1,0,0,1,0,0,1,1,0,0,1,0,0,1,1,0,0,1,1,0,0,0,0,1,0,1,1,0,1,0,.,.
Georgia,4/18/2017,6/30/2017,1,1,0,0,1,0,0,1,1,0,0,1,0,0,1,1,0,0,1,1,0,0,0,0,1,0,1,1,0,1,0,.,.
Georgia,7/1/2017,1/1/2022,1,1,0,0,1,0,0,1,1,0,0,1,0,0,1,1,0,0,1,1,0,0,0,0,1,0,1,1,0,1,0,.,.
Hawaii,1/1/2001,6/15/2016,0,.,.,.,.,.,.,.,.,.,.,.,.,.,.,.,.,.,.,.,.,.,.,.,.,.,.,.,.,.,.,.,.
Hawaii,6/16/2016,6/30/2016,1,1,0,1,1,0,1,1,1,0,1,1,0,1,1,1,0,1,1,1,0,1,0,0,1,0,1,1,0,1,1,0,0
Hawaii,7/1/2016,6/30/2017,1,1,0,1,1,0,1,1,1,0,1,1,0,1,1,1,0,1,1,1,0,1,0,0,1,0,1,1,0,1,1,0,0
Hawaii,7/1/2017,7/2/2017,1,1,0,1,1,0,1,1,1,0,1,1,0,1,1,1,0,1,1,1,0,1,0,0,1,0,1,1,0,1,1,0,0
Hawaii,7/3/2017,6/30/2018,1,1,0,1,1,0,1,1,1,0,1,1,0,1,1,1,0,1,1,1,0,1,0,0,1,0,1,1,0,1,1,0,1
Hawaii,7/1/2018,7/4/2019,1,1,0,1,1,0,1,1,1,0,1,1,0,1,1,1,0,1,1,1,0,0,1,0,1,0,1,1,0,1,1,0,1
Hawaii,7/5/2019,1/1/2022,1,1,0,1,1,0,1,1,1,0,1,1,0,1,1,1,0,1,1,1,0,0,1,0,1,0,1,1,0,1,1,0,1
Idaho,1/1/2001,6/30/2015,0,.,.,.,.,.,.,.,.,.,.,.,.,.,.,.,.,.,.,.,.,.,.,.,.,.,.,.,.,.,.,.,.
Idaho,7/1/2015,6/30/2016,1,1,0,1,1,0,1,1,0,.,.,0,.,.,0,1,0,1,1,0,0,0,1,0,1,0,1,1,0,1,0,.,.
Idaho,7/1/2016,6/30/2017,1,1,0,1,1,0,1,1,0,.,.,0,.,.,0,1,0,1,1,0,0,0,1,0,1,0,1,1,0,1,0,.,.
Idaho,7/1/2017,3/6/2018,1,1,0,1,1,0,1,1,0,.,.,0,.,.,0,1,0,1,1,0,0,0,1,0,1,0,1,1,0,1,0,.,.
Idaho,3/7/2018,6/30/2018,1,1,0,1,1,0,1,1,1,0,1,1,0,1,1,1,0,1,1,0,0,0,1,0,1,0,1,1,0,1,0,.,.
Idaho,7/1/2018,6/30/2019,1,1,0,1,1,0,1,1,1,0,1,1,0,1,1,1,0,1,1,0,0,0,1,0,1,0,1,1,0,1,0,.,.
Idaho,7/1/2019,6/30/2020,1,1,0,1,1,0,1,1,1,0,1,1,0,1,1,1,0,1,1,0,0,0,1,0,1,0,1,1,0,1,0,.,.
Idaho,7/1/2020,6/30/2021,1,1,0,1,1,0,1,1,1,0,1,1,0,1,1,1,0,1,1,0,0,0,1,0,1,0,1,1,0,1,0,.,.
Idaho,7/1/2021,1/1/2022,1,1,0,1,1,0,1,1,1,0,1,1,0,1,1,1,0,1,1,0,0,0,1,0,1,0,1,1,0,1,0,.,.
Illinois,1/1/2001,12/31/2009,0,.,.,.,.,.,.,.,.,.,.,.,.,.,.,.,.,.,.,.,.,.,.,.,.,.,.,.,.,.,.,.,.
Illinois,1/1/2010,7/28/2015,1,0,.,.,0,.,.,1,0,.,.,0,.,.,1,1,0,0,1,1,0,0,0,0,1,0,0,0,.,.,0,.,.
Illinois,7/29/2015,9/8/2015,1,1,0,0,0,.,.,1,0,.,.,0,.,.,1,1,0,0,1,1,0,0,0,0,1,0,0,0,.,.,0,.,.
Illinois,9/9/2015,7/27/2016,1,1,0,0,0,.,.,1,1,0,0,1,0,0,1,1,0,0,1,1,1,0,0,0,1,0,0,1,0,0,0,.,.
Illinois,7/28/2016,12/31/2016,1,1,0,0,0,.,.,1,1,0,0,1,0,0,1,1,0,0,1,1,1,0,0,0,1,0,0,1,0,0,0,.,.
Illinois,1/1/2017,8/17/2017,1,1,0,0,0,.,.,1,1,0,0,1,0,0,1,1,0,0,1,1,1,0,0,0,1,0,0,1,0,0,0,.,.
Illinois,8/18/2017,12/31/2017,1,1,0,0,0,.,.,1,1,0,0,1,0,0,1,1,0,0,1,1,1,0,0,0,1,0,0,1,0,0,0,.,.
Illinois,1/1/2018,12/31/2018,1,1,0,0,0,.,.,1,1,0,0,1,0,0,1,1,0,0,1,1,1,0,0,0,1,0,0,1,0,0,0,.,.
Illinois,1/1/2019,8/8/2019,1,1,0,0,0,.,.,1,1,0,0,1,0,0,1,1,0,0,1,1,1,0,0,0,1,0,0,1,0,0,0,.,.
Illinois,8/9/2019,12/31/2021,1,1,0,0,0,.,.,1,1,0,0,1,0,0,1,1,0,0,1,1,1,0,0,0,1,0,0,1,0,0,0,.,.
Illinois,1/1/2022,1/1/2022,1,1,0,0,0,.,.,1,1,0,0,1,0,0,1,1,0,0,1,1,1,0,0,0,1,0,0,1,0,0,0,.,.
Indiana,1/1/2001,4/16/2015,0,.,.,.,.,.,.,.,.,.,.,.,.,.,.,.,.,.,.,.,.,.,.,.,.,.,.,.,.,.,.,.,.
Indiana,4/17/2015,6/30/2016,1,0,.,.,1,0,0,0,0,.,.,1,0,0,0,1,0,0,1,1,0,0,0,0,0,.,.,1,0,0,0,.,.
Indiana,7/1/2016,6/30/2018,1,0,.,.,1,0,0,0,0,.,.,1,0,0,0,1,0,0,1,1,0,0,0,0,0,.,.,1,0,0,0,.,.
Indiana,7/1/2018,6/30/2019,1,0,.,.,1,0,0,0,0,0,0,1,0,0,0,1,0,0,1,1,0,0,0,0,0,.,.,1,0,0,0,.,.
Indiana,7/1/2019,1/1/2022,1,0,.,.,1,0,0,0,0,.,.,1,0,0,0,1,0,0,1,1,0,0,0,0,0,.,.,1,0,0,0,.,.
Iowa,1/1/2001,5/26/2016,0,.,.,.,.,.,.,.,.,.,.,.,.,.,.,.,.,.,.,.,.,.,.,.,.,.,.,.,.,.,.,.,.
Iowa,5/27/2016,6/30/2018,1,0,.,.,1,0,0,0,0,.,.,0,.,.,0,1,0,0,1,1,0,1,0,0,0,.,.,1,0,0,1,0,0
Iowa,7/1/2018,6/30/2019,1,0,.,.,1,0,0,0,0,.,.,0,.,.,0,1,0,0,1,1,1,1,0,0,0,.,.,1,0,0,1,0,0
Iowa,7/1/2019,6/8/2021,1,0,.,.,1,0,0,0,0,.,.,0,.,.,0,1,0,0,1,1,1,1,0,0,0,.,.,1,0,0,1,0,0
Iowa,6/9/2021,6/30/2021,1,0,.,.,1,0,0,0,0,.,.,0,.,.,0,1,0,0,1,1,1,1,0,0,0,.,.,1,0,0,1,0,0
Iowa,7/1/2021,1/1/2022,1,0,.,.,1,0,0,0,0,.,.,0,.,.,0,1,0,0,1,1,1,1,0,0,0,.,.,1,0,0,1,0,0
Kansas,1/1/2001,6/30/2017,0,.,.,.,.,.,.,.,.,.,.,.,.,.,.,.,.,.,.,.,.,.,.,.,.,.,.,.,.,.,.,.,.
Kansas,7/1/2017,1/1/2022,1,1,0,1,1,0,1,1,1,0,1,1,0,1,1,0,.,.,1,0,1,0,0,0,1,0,1,1,0,1,0,.,.
Kentucky,1/1/2001,6/24/2013,0,.,.,.,.,.,.,.,.,.,.,.,.,.,.,.,.,.,.,.,.,.,.,.,.,.,.,.,.,.,.,.,.
Kentucky,6/25/2013,3/24/2015,1,0,.,.,0,.,.,1,0,.,.,0,.,.,1,1,0,0,1,1,0,0,0,0,1,0,0,1,0,0,0,.,.
Kentucky,3/25/2015,9/3/2015,1,0,.,.,0,.,.,1,0,.,.,0,.,.,1,1,0,0,1,1,0,0,0,0,1,0,0,1,0,0,0,.,.
Kentucky,9/4/2015,6/26/2019,1,0,.,.,0,.,.,1,0,.,.,0,.,.,1,1,0,0,1,1,0,0,0,0,1,0,0,1,0,0,0,.,.
Kentucky,6/27/2019,10/19/2021,1,0,.,.,0,.,.,1,0,.,.,0,.,.,1,1,0,0,1,1,1,0,0,0,1,0,0,1,0,0,0,.,.
Kentucky,10/20/2021,1/1/2022,1,0,.,.,0,.,.,1,0,.,.,0,.,.,1,1,0,0,1,1,1,0,0,0,1,0,0,1,0,0,0,.,.
Louisiana,1/1/2001,8/14/2015,0,.,.,.,.,.,.,.,.,.,.,.,.,.,.,.,.,.,.,.,.,.,.,.,.,.,.,.,.,.,.,.,.
Louisiana,8/15/2015,6/5/2016,1,1,0,0,1,0,0,1,1,0,0,1,0,0,1,1,0,0,1,1,0,0,0,0,1,0,0,1,0,0,0,.,.
Louisiana,6/6/2016,1/1/2022,1,1,0,0,1,0,0,1,1,0,0,1,0,0,1,1,0,0,1,1,0,0,0,0,1,0,0,1,0,0,1,0,0
Maine,1/1/2001,4/28/2014,0,.,.,.,.,.,.,.,.,.,.,.,.,.,.,.,.,.,.,.,.,.,.,.,.,.,.,.,.,.,.,.,.
Maine,4/29/2014,10/14/2015,1,0,.,.,0,.,.,0,0,.,.,0,.,.,0,1,0,0,0,.,.,.,.,.,0,.,.,0,.,.,0,.,.
Maine,10/15/2015,7/28/2016,1,0,.,.,0,.,.,0,0,.,.,0,.,.,0,1,0,0,1,1,0,0,0,0,0,.,.,0,.,.,0,.,.
Maine,7/29/2016,6/15/2017,1,1,0,1,1,0,1,1,1,0,1,1,0,1,1,1,0,1,1,1,1,1,0,0,1,0,1,1,0,1,0,.,.
Maine,6/16/2017,6/23/2017,1,1,0,1,1,0,1,1,1,0,1,1,0,1,1,1,0,1,1,1,1,1,0,0,1,0,1,1,0,1,0,.,.
Maine,6/24/2017,5/1/2018,1,1,0,1,1,0,1,1,1,0,1,1,0,1,1,1,0,1,1,1,1,1,1,0,1,0,1,1,0,1,0,.,.
Maine,5/2/2018,5/22/2018,1,1,0,1,1,0,1,1,1,0,1,1,0,1,1,1,0,1,1,1,1,1,1,0,1,0,1,1,0,1,0,.,.
Maine,5/23/2018,7/31/2018,1,1,0,1,1,0,1,1,1,0,1,1,0,1,1,1,0,1,1,1,1,1,1,0,1,0,1,1,0,1,0,.,.
Maine,8/1/2018,6/30/2019,1,1,0,1,1,0,1,1,1,0,1,1,0,1,1,1,0,1,1,1,1,1,1,0,1,0,1,1,0,1,0,.,.
Maine,7/1/2019,9/18/2019,1,1,0,1,1,0,1,1,1,0,1,1,0,1,1,1,0,1,1,1,1,1,1,0,1,0,1,1,0,1,0,.,.
Maine,9/19/2019,6/10/2021,1,1,0,1,1,0,1,1,1,0,1,1,0,1,1,1,0,1,1,1,1,1,1,0,1,0,1,1,0,1,0,.,.
Maine,6/11/2021,10/17/2021,1,1,0,1,1,0,1,1,1,0,1,1,0,1,1,1,0,1,1,1,1,1,1,0,1,0,1,1,0,1,0,.,.
Maine,10/18/2021,1/1/2022,1,1,0,1,1,0,1,1,1,0,1,1,0,1,1,1,0,1,1,1,1,1,1,0,1,0,1,1,0,1,0,.,.
Maryland,1/1/2001,9/30/2013,0,.,.,.,.,.,.,.,.,.,.,.,.,.,.,.,.,.,.,.,.,.,.,.,.,.,.,.,.,.,.,.,.
Maryland,10/1/2013,5/31/2015,1,0,.,.,0,.,.,1,0,.,.,0,.,.,1,1,0,0,0,.,.,.,.,.,0,.,.,0,.,.,0,.,.
Maryland,6/1/2015,9/30/2015,1,0,.,.,0,.,.,1,0,.,.,0,.,.,1,1,0,0,0,.,.,.,.,.,0,.,.,0,.,.,0,.,.
Maryland,10/1/2015,3/13/2016,1,0,.,.,1,0,0,1,0,.,.,1,0,0,1,1,0,0,1,1,0,0,0,0,0,.,.,1,1,0,0,.,.
Maryland,3/14/2016,4/10/2017,1,0,.,.,1,0,0,1,0,.,.,1,0,0,1,1,0,0,1,1,0,0,0,0,0,.,.,1,1,0,0,.,.
Maryland,4/11/2017,5/31/2017,1,0,.,.,1,0,0,1,0,.,.,1,0,0,1,1,0,0,1,1,0,0,0,0,0,.,.,1,0,0,0,.,.
Maryland,6/1/2017,6/30/2017,1,0,.,.,1,0,0,1,0,.,.,1,0,0,1,1,0,0,1,1,1,1,0,0,0,.,.,1,0,0,0,.,.
Maryland,7/1/2017,3/26/2019,1,0,.,.,1,0,0,1,0,.,.,1,0,0,1,1,0,0,1,1,1,1,0,0,0,.,.,1,0,0,0,.,.
Maryland,3/27/2019,1/1/2022,1,0,.,.,1,0,0,1,0,.,.,1,0,0,1,1,0,0,1,1,1,0,0,0,0,.,.,1,0,0,0,.,.
Massachusetts,1/1/2001,8/1/2012,0,.,.,.,.,.,.,.,.,.,.,.,.,.,.,.,.,.,.,.,.,.,.,.,.,.,.,.,.,.,.,.,.
Massachusetts,8/2/2012,6/30/2014,1,0,.,.,0,.,.,0,0,.,.,0,.,.,0,1,0,0,0,.,.,.,.,.,0,.,.,0,.,.,1,0,0
Massachusetts,7/1/2014,3/13/2016,1,0,.,.,0,.,.,0,0,.,.,0,.,.,0,1,0,0,1,1,0,0,0,0,1,0,0,0,.,.,1,0,0
Massachusetts,3/14/2016,4/12/2018,1,0,.,.,0,.,.,0,0,.,.,0,.,.,0,1,0,0,1,1,0,0,0,0,1,0,0,1,0,0,1,0,0
Massachusetts,4/13/2018,8/8/2018,1,0,.,.,0,.,.,0,0,.,.,0,.,.,0,1,0,0,1,1,0,0,0,0,1,0,0,1,0,0,1,0,0
Massachusetts,8/9/2018,1/1/2022,1,1,0,0,1,0,0,1,1,0,0,1,0,0,1,1,0,0,1,1,0,0,0,0,1,0,0,1,0,0,1,0,0
Michigan,1/1/2001,10/13/2014,0,.,.,.,.,.,.,.,.,.,.,.,.,.,.,.,.,.,.,.,.,.,.,.,.,.,.,.,.,.,.,.,.
Michigan,10/14/2014,3/27/2017,1,0,.,.,1,0,0,0,0,.,.,1,0,1,0,1,0,0,0,.,.,.,.,.,1,0,1,1,0,0,1,0,1
Michigan,3/28/2017,3/28/2017,1,0,.,.,1,0,0,0,0,.,.,1,0,1,0,1,0,0,1,1,0,0,0,0,1,0,1,1,0,0,1,0,1
Michigan,3/29/2017,9/23/2019,1,0,.,.,1,0,0,0,0,.,.,1,0,1,0,1,0,0,1,1,0,0,0,0,1,0,1,1,0,0,1,0,1
Michigan,9/24/2019,1/1/2022,1,0,.,.,1,0,0,0,0,.,.,1,0,1,0,1,0,0,1,1,0,0,0,0,1,0,1,1,0,0,1,0,1
Minnesota,1/1/2001,5/9/2014,0,.,.,.,.,.,.,.,.,.,.,.,.,.,.,.,.,.,.,.,.,.,.,.,.,.,.,.,.,.,.,.,.
Minnesota,5/10/2014,5/19/2016,1,1,0,0,1,0,0,0,0,.,.,0,.,.,0,0,.,.,1,1,0,0,0,0,1,0,0,1,0,0,0,.,.
Minnesota,5/20/2016,5/22/2019,1,1,0,0,1,0,0,0,0,.,.,0,.,.,0,0,.,.,1,1,1,0,0,0,1,0,0,1,0,0,0,.,.
Minnesota,5/23/2019,6/30/2020,1,1,0,0,1,0,0,0,0,.,.,0,.,.,0,0,.,.,1,1,1,0,0,0,1,0,0,1,0,0,0,.,.
Minnesota,7/1/2020,6/30/2021,1,1,0,0,1,0,0,0,1,0,0,1,0,0,0,0,.,.,1,1,1,0,1,0,1,0,0,1,0,0,0,.,.
Minnesota,7/1/2021,1/1/2022,1,1,0,0,1,0,0,0,1,0,0,1,0,0,0,0,.,.,1,1,1,0,1,0,1,0,0,1,0,0,0,.,.
Mississippi,1/1/2001,6/30/2015,0,.,.,.,.,.,.,.,.,.,.,.,.,.,.,.,.,.,.,.,.,.,.,.,.,.,.,.,.,.,.,.,.
Mississippi,7/1/2015,6/30/2017,1,1,0,0,1,0,0,1,1,0,0,1,0,0,1,1,0,0,1,1,0,0,0,0,1,0,1,1,0,1,0,.,.
Mississippi,7/1/2017,1/1/2022,1,1,0,0,1,0,0,1,1,0,0,1,0,0,1,1,0,0,1,1,0,0,0,0,1,0,1,1,0,1,0,.,.
Missouri,1/1/2001,8/27/2016,0,.,.,.,.,.,.,.,.,.,.,.,.,.,.,.,.,.,.,.,.,.,.,.,.,.,.,.,.,.,.,.,.
Missouri,8/28/2016,8/27/2017,1,1,0,0,1,0,0,1,1,0,1,1,0,1,1,0,.,.,1,1,1,0,0,0,1,0,1,1,0,1,1,0,0
Missouri,8/28/2017,1/1/2022,1,1,0,0,1,0,0,1,1,0,1,1,0,1,1,0,.,.,1,1,1,0,0,0,1,0,1,1,0,1,1,0,0
Montana,1/1/2001,5/2/2017,0,.,.,.,.,.,.,.,.,.,.,.,.,.,.,.,.,.,.,.,.,.,.,.,.,.,.,.,.,.,.,.,.
Montana,5/3/2017,9/30/2019,1,1,0,0,1,0,0,1,1,0,0,1,0,0,1,1,0,0,1,1,0,1,0,0,1,0,0,1,0,0,0,.,.
Montana,10/1/2019,9/30/2021,1,1,0,0,1,0,0,1,1,0,0,1,0,0,1,1,0,0,1,1,0,1,0,0,1,0,0,1,0,0,0,.,.
Montana,10/1/2021,1/1/2022,1,1,0,0,1,0,0,1,1,0,0,1,0,0,1,1,0,0,1,1,0,1,0,0,1,0,0,1,0,0,0,.,.
Nebraska,1/1/2001,5/27/2015,0,.,.,.,.,.,.,.,.,.,.,.,.,.,.,.,.,.,.,.,.,.,.,.,.,.,.,.,.,.,.,.,.
Nebraska,5/28/2015,8/23/2017,1,1,0,1,0,.,.,1,1,0,1,0,.,.,1,1,0,1,0,.,.,.,.,.,1,0,0,0,.,.,0,.,.
Nebraska,8/24/2017,7/18/2018,1,1,0,1,0,.,.,1,1,0,1,0,.,.,1,1,0,1,0,.,.,.,.,.,1,0,0,0,.,.,0,.,.
Nebraska,7/19/2018,1/1/2022,1,1,0,1,0,.,.,1,1,0,1,0,.,.,1,1,0,1,0,.,.,.,.,.,1,0,0,0,.,.,0,.,.
Nevada,1/1/2001,9/30/2015,0,.,.,.,.,.,.,.,.,.,.,.,.,.,.,.,.,.,.,.,.,.,.,.,.,.,.,.,.,.,.,.,.
Nevada,10/1/2015,6/30/2017,1,1,0,1,1,0,1,1,1,0,1,1,0,1,1,1,0,1,1,1,1,0,0,0,1,0,1,1,0,1,1,0,0
Nevada,7/1/2017,1/1/2022,1,1,0,1,1,0,1,1,1,0,1,1,0,1,1,1,0,1,1,1,1,0,0,0,1,0,1,1,0,1,1,0,0
New Hampshire,1/1/2001,6/1/2015,0,.,.,.,.,.,.,.,.,.,.,.,.,.,.,.,.,.,.,.,.,.,.,.,.,.,.,.,.,.,.,.,.
New Hampshire,6/2/2015,1/1/2022,1,1,0,1,1,0,1,1,1,0,1,1,0,1,1,1,0,1,1,1,0,0,0,0,1,0,1,1,0,1,0,.,.
New Jersey,1/1/2001,6/30/2013,0,.,.,.,.,.,.,.,.,.,.,.,.,.,.,.,.,.,.,.,.,.,.,.,.,.,.,.,.,.,.,.,.
New Jersey,7/1/2013,2/4/2015,1,1,0,0,1,0,0,1,1,0,0,1,0,0,1,1,0,0,1,1,0,0,0,0,1,0,0,1,0,0,0,.,.
New Jersey,2/5/2015,6/8/2017,1,1,0,0,1,0,0,1,1,0,0,1,0,0,1,1,0,0,1,1,0,0,0,0,1,0,0,1,0,0,0,.,.
New Jersey,6/9/2017,1/15/2018,1,1,0,0,1,0,0,1,1,0,0,1,0,0,1,1,0,0,1,1,0,0,0,0,1,0,0,1,0,0,0,.,.
New Jersey,1/16/2018,11/30/2018,1,1,0,0,1,0,0,1,1,0,0,1,0,0,1,1,0,0,1,1,0,0,0,0,1,0,0,1,0,0,0,.,.
New Jersey,12/1/2018,8/30/2021,1,1,0,0,1,0,0,1,1,0,0,1,0,0,1,1,0,0,1,1,0,0,0,0,1,0,0,1,0,0,0,.,.
New Jersey,8/31/2021,1/1/2022,1,1,0,0,1,0,0,1,1,0,0,1,0,0,1,1,0,0,1,1,0,0,0,0,1,0,0,1,0,0,0,.,.
New Mexico,1/1/2001,4/2/2001,0,.,.,.,.,.,.,.,.,.,.,.,.,.,.,.,.,.,.,.,.,.,.,.,.,.,.,.,.,.,.,.,.
New Mexico,4/3/2001,9/12/2001,1,1,0,1,1,0,1,0,1,0,1,1,0,1,0,0,.,.,0,.,.,.,.,.,0,.,.,0,.,.,0,.,.
New Mexico,9/13/2001,1/28/2009,1,1,0,1,1,0,1,0,1,0,1,1,0,1,0,0,.,.,0,.,.,.,.,.,1,0,1,1,0,1,0,.,.
New Mexico,1/29/2009,4/29/2009,1,1,0,1,1,0,1,0,1,0,1,1,0,1,0,0,.,.,0,.,.,.,.,.,1,0,1,1,0,1,0,.,.
New Mexico,4/30/2009,3/13/2014,1,1,0,1,1,0,1,0,1,0,1,1,0,1,0,0,.,.,0,.,.,.,.,.,1,0,1,1,0,1,0,.,.
New Mexico,3/14/2014,9/5/2015,1,1,0,1,1,0,1,0,1,0,1,1,0,1,0,0,.,.,1,0,0,0,1,0,1,0,1,1,0,1,0,.,.
New Mexico,9/6/2015,3/3/2016,1,1,0,1,1,0,1,0,1,0,1,1,0,1,0,0,.,.,1,0,0,0,1,0,1,0,1,1,0,1,0,.,.
New Mexico,3/4/2016,7/14/2016,1,0,.,.,0,.,.,0,1,0,1,1,0,1,1,1,0,0,1,1,0,0,1,0,1,0,1,1,0,1,1,0,0
New Mexico,7/15/2016,6/8/2017,1,0,.,.,0,.,.,0,1,0,1,1,0,1,1,1,0,0,1,1,0,0,1,0,1,0,1,1,0,1,1,0,0
New Mexico,6/9/2017,5/30/2021,1,0,.,.,0,.,.,0,1,0,1,1,0,1,1,1,0,0,1,1,0,0,1,0,1,0,1,1,0,1,1,0,0
New Mexico,5/31/2021,1/1/2022,1,0,.,.,0,.,.,0,1,0,1,1,0,1,1,1,0,0,1,1,0,0,1,0,1,0,1,1,0,1,1,0,0
New York,1/1/2001,3/31/2006,0,.,.,.,.,.,.,.,.,.,.,.,.,.,.,.,.,.,.,.,.,.,.,.,.,.,.,.,.,.,.,.,.
New York,4/1/2006,1/31/2007,1,0,.,.,0,.,.,0,0,.,.,0,.,.,0,0,.,.,0,.,.,.,.,.,0,.,.,0,.,.,0,.,.
New York,2/1/2007,6/22/2014,1,0,.,.,0,.,.,0,0,.,.,0,.,.,0,1,0,0,0,.,.,.,.,.,0,.,.,0,.,.,0,.,.
New York,6/23/2014,6/23/2014,1,0,.,.,0,.,.,0,0,.,.,0,.,.,0,1,0,0,0,.,.,.,.,.,0,.,.,0,.,.,0,.,.
New York,6/24/2014,7/29/2014,1,0,.,.,0,.,.,0,0,.,.,0,.,.,0,1,0,0,1,1,0,0,0,0,1,0,0,1,0,0,0,.,.
New York,7/30/2014,11/9/2014,1,0,.,.,0,.,.,0,0,.,.,0,.,.,0,1,0,0,1,1,0,0,0,0,1,0,0,1,0,0,0,.,.
New York,11/10/2014,2/5/2015,1,0,.,.,0,.,.,0,0,.,.,0,.,.,0,1,0,0,1,1,0,0,0,0,1,0,0,1,0,0,0,.,.
New York,2/6/2015,8/10/2015,1,0,.,.,0,.,.,0,0,.,.,0,.,.,0,1,0,0,1,1,0,0,0,0,1,0,0,1,0,0,0,.,.
New York,8/11/2015,6/21/2016,1,0,.,.,0,.,.,0,0,.,.,0,.,.,0,1,0,0,1,1,0,0,0,0,1,0,0,1,0,0,0,.,.
New York,6/22/2016,1/18/2020,1,0,.,.,0,.,.,0,0,.,.,0,.,.,0,1,0,0,1,1,0,0,0,1,1,0,0,1,0,0,0,.,.
New York,1/19/2020,8/23/2020,1,0,.,.,0,.,.,0,0,.,.,0,.,.,0,1,0,0,1,1,0,0,0,1,1,0,0,1,0,0,0,.,.
New York,8/24/2020,12/21/2021,1,1,0,0,1,0,0,1,1,0,0,1,0,0,1,1,0,0,1,1,0,0,0,1,1,0,0,1,0,0,0,.,.
New York,12/22/2021,1/1/2022,1,1,0,0,1,0,0,1,1,0,0,1,0,0,1,1,0,0,1,1,0,0,0,1,1,0,0,1,0,0,0,.,.
North Carolina,1/1/2001,4/8/2013,0,.,.,.,.,.,.,.,.,.,.,.,.,.,.,.,.,.,.,.,.,.,.,.,.,.,.,.,.,.,.,.,.
North Carolina,4/9/2013,7/31/2015,1,1,0,1,1,0,1,0,0,.,.,0,.,.,0,1,0,1,1,1,0,0,0,0,1,0,1,1,0,1,0,.,.
North Carolina,8/1/2015,6/19/2016,1,1,0,1,1,0,1,0,1,0,1,1,0,1,0,1,0,1,1,1,0,0,0,0,1,0,1,1,0,1,0,.,.
North Carolina,6/20/2016,6/30/2017,1,1,0,1,1,0,1,0,1,0,1,1,0,1,0,1,0,1,1,1,0,0,0,0,1,0,1,1,0,1,0,.,.
North Carolina,7/1/2017,7/11/2017,1,1,0,1,1,0,1,0,1,0,1,1,0,1,0,1,0,1,1,1,0,0,0,0,1,0,1,1,0,1,0,.,.
North Carolina,7/12/2017,1/1/2022,1,1,0,1,1,0,1,0,1,0,1,1,0,1,0,1,0,1,1,1,0,0,0,0,1,0,1,1,0,1,0,.,.
North Dakota,1/1/2001,7/31/2015,0,.,.,.,.,.,.,.,.,.,.,.,.,.,.,.,.,.,.,.,.,.,.,.,.,.,.,.,.,.,.,.,.
North Dakota,8/1/2015,3/31/2016,1,1,0,0,1,0,0,1,1,0,0,1,0,0,1,1,0,0,1,1,0,0,0,0,1,0,0,1,0,0,1,0,0
North Dakota,4/1/2016,1/1/2022,1,1,0,0,1,0,0,1,1,0,0,1,0,0,1,1,0,0,1,1,1,0,1,0,1,0,0,1,0,0,1,0,0
Ohio,1/1/2001,3/10/2014,0,.,.,.,.,.,.,.,.,.,.,.,.,.,.,.,.,.,.,.,.,.,.,.,.,.,.,.,.,.,.,.,.
Ohio,3/11/2014,6/15/2014,1,1,0,0,1,0,0,1,0,.,.,0,.,.,0,1,0,0,0,.,.,.,.,.,1,0,0,0,.,.,0,.,.
Ohio,6/16/2014,7/16/2015,1,1,0,0,1,0,0,1,0,.,.,0,.,.,0,1,0,0,0,.,.,.,.,.,1,0,0,0,.,.,0,.,.
Ohio,7/17/2015,10/15/2015,1,1,0,0,1,0,0,1,1,0,0,1,0,0,1,1,0,0,1,0,1,0,0,0,1,0,0,0,.,.,0,.,.
Ohio,10/16/2015,6/5/2016,1,1,0,0,1,0,0,1,1,0,0,1,0,0,1,1,0,0,1,0,1,0,0,0,1,0,0,0,.,.,0,.,.
Ohio,6/6/2016,4/5/2017,1,1,0,0,1,0,0,1,1,0,0,1,0,0,1,1,0,0,1,0,1,0,0,0,1,0,0,0,.,.,0,.,.
Ohio,4/6/2017,11/30/2020,1,1,0,0,1,0,0,1,1,0,0,1,0,0,1,1,0,0,1,0,1,0,0,0,1,0,0,0,.,.,0,.,.
Ohio,12/1/2020,12/15/2020,1,1,0,0,1,0,0,1,1,0,0,1,0,0,1,1,0,0,1,0,1,0,0,0,1,0,0,0,.,.,0,.,.
Ohio,12/16/2020,1/1/2022,1,1,0,0,1,0,0,1,1,0,0,1,0,0,1,1,0,0,1,0,1,0,0,0,1,0,0,0,.,.,0,.,.
Oklahoma,1/1/2001,10/31/2013,0,.,.,.,.,.,.,.,.,.,.,.,.,.,.,.,.,.,.,.,.,.,.,.,.,.,.,.,.,.,.,.,.
Oklahoma,11/1/2013,10/31/2014,1,0,.,.,0,.,.,0,0,.,.,0,.,.,0,1,0,0,0,.,.,.,.,.,0,.,.,0,.,.,0,.,.
Oklahoma,11/1/2014,10/31/2017,1,0,.,.,0,.,.,0,0,.,.,0,.,.,0,1,0,0,1,0,0,0,0,1,0,.,.,0,.,.,0,.,.
Oklahoma,11/1/2017,10/31/2018,1,0,.,.,0,.,.,0,0,.,.,0,.,.,0,1,0,0,1,0,0,0,1,1,0,.,.,0,.,.,0,.,.
Oklahoma,11/1/2018,1/1/2022,1,0,.,.,0,.,.,0,0,.,.,0,.,.,0,1,0,0,1,0,0,0,1,1,0,.,.,0,.,.,0,.,.
Oregon,1/1/2001,6/5/2013,0,.,.,.,.,.,.,.,.,.,.,.,.,.,.,.,.,.,.,.,.,.,.,.,.,.,.,.,.,.,.,.,.
Oregon,6/6/2013,9/23/2013,1,0,.,.,0,.,.,0,0,.,.,0,.,.,0,1,1,0,1,0,1,0,0,0,0,.,.,1,1,0,0,.,.
Oregon,9/24/2013,1/23/2014,1,0,.,.,0,.,.,0,0,.,.,0,.,.,0,1,1,0,1,0,1,0,0,0,0,.,.,1,1,0,0,.,.
Oregon,1/24/2014,4/3/2016,1,0,.,.,0,.,.,0,0,.,.,0,.,.,0,1,1,0,1,0,1,0,0,0,0,.,.,1,1,0,0,.,.
Oregon,4/4/2016,9/6/2016,1,0,.,.,0,.,.,0,0,.,.,1,0,0,0,1,0,0,1,0,1,0,1,0,0,.,.,1,0,0,0,.,.
Oregon,9/7/2016,12/13/2016,1,0,.,.,0,.,.,0,0,.,.,1,0,0,0,1,0,0,1,0,1,0,1,0,0,.,.,1,0,0,0,.,.
Oregon,12/14/2016,10/5/2017,1,0,.,.,0,.,.,0,0,.,.,1,0,0,0,1,0,0,1,0,1,0,1,0,0,.,.,1,0,0,0,.,.
Oregon,10/6/2017,12/25/2017,1,0,.,.,0,.,.,0,0,.,.,1,0,0,0,1,0,0,1,0,1,0,1,0,0,.,.,1,0,0,0,.,.
Oregon,12/26/2017,12/28/2017,1,0,.,.,0,.,.,0,0,.,.,1,0,0,0,1,0,0,1,0,1,0,1,0,0,.,.,1,0,0,0,.,.
Oregon,12/29/2017,6/18/2018,1,0,.,.,0,.,.,0,0,.,.,1,0,0,0,1,0,0,1,0,1,0,1,0,0,.,.,1,0,0,0,.,.
Oregon,6/19/2018,9/15/2019,1,0,.,.,0,.,.,0,0,.,.,1,0,0,0,1,0,0,1,0,1,0,1,0,0,.,.,1,0,0,0,.,.
Oregon,9/16/2019,9/28/2019,1,0,.,.,0,.,.,0,0,.,.,1,0,0,0,1,0,0,1,0,1,0,1,0,0,.,.,1,0,0,0,.,.
Oregon,9/29/2019,12/19/2019,1,0,.,.,0,.,.,0,0,.,.,1,0,0,0,1,0,0,1,0,1,0,1,0,0,.,.,1,0,0,0,.,.
Oregon,12/20/2019,12/31/2019,1,0,.,.,0,.,.,0,0,.,.,1,0,0,0,1,0,0,1,0,1,0,1,0,0,.,.,1,0,0,0,.,.
Oregon,1/1/2020,1/1/2022,1,0,.,.,0,.,.,0,0,.,.,1,0,0,0,1,0,0,1,0,1,0,1,0,0,.,.,1,0,0,0,.,.
Pennsylvania,1/1/2001,11/30/2014,0,.,.,.,.,.,.,.,.,.,.,.,.,.,.,.,.,.,.,.,.,.,.,.,.,.,.,.,.,.,.,.,.
Pennsylvania,12/1/2014,1/1/2022,1,1,0,0,1,0,0,1,1,0,0,1,0,0,1,1,0,0,1,1,0,0,0,0,1,0,1,1,0,1,0,.,.
Rhode Island,1/1/2001,6/17/2012,0,.,.,.,.,.,.,.,.,.,.,.,.,.,.,.,.,.,.,.,.,.,.,.,.,.,.,.,.,.,.,.,.
Rhode Island,6/18/2012,3/2/2014,1,0,.,.,0,.,.,0,0,.,.,0,.,.,0,0,.,.,0,.,.,.,.,.,1,0,1,1,0,1,0,.,.
Rhode Island,3/3/2014,10/3/2014,1,0,.,.,0,.,.,1,0,.,.,0,.,.,1,1,0,0,1,1,0,0,0,0,1,0,1,1,0,1,1,0,0
Rhode Island,10/4/2014,6/30/2015,1,0,.,.,0,.,.,1,0,.,.,0,.,.,1,1,0,0,1,1,0,0,0,0,1,0,1,1,0,1,1,0,0
Rhode Island,7/1/2015,1/26/2016,1,0,.,.,0,.,.,1,0,.,.,0,.,.,1,1,0,0,1,1,0,0,0,0,1,0,1,1,0,1,1,0,0
Rhode Island,1/27/2016,7/1/2018,1,0,.,.,0,.,.,1,0,.,.,0,.,.,1,1,0,1,1,1,0,0,0,0,1,0,1,1,0,1,1,0,0
Rhode Island,7/2/2018,7/4/2019,1,0,.,.,0,.,.,1,0,.,.,0,.,.,1,1,0,1,1,1,0,0,0,0,1,0,1,1,0,1,1,0,0
Rhode Island,7/5/2019,7/7/2019,1,0,.,.,0,.,.,1,0,.,.,0,.,.,1,1,0,1,1,1,0,0,0,0,1,0,1,1,0,1,1,0,0
Rhode Island,7/8/2019,6/1/2021,1,0,.,.,0,.,.,1,0,.,.,0,.,.,1,1,0,1,1,1,0,0,0,0,1,0,1,1,0,1,1,0,0
Rhode Island,6/2/2021,1/1/2022,1,0,.,.,0,.,.,1,0,.,.,0,.,.,1,1,0,1,1,1,0,0,0,0,1,0,1,1,0,1,1,0,0
South Carolina,1/1/2001,6/2/2015,0,.,.,.,.,.,.,.,.,.,.,.,.,.,.,.,.,.,.,.,.,.,.,.,.,.,.,.,.,.,.,.,.
South Carolina,6/3/2015,6/4/2016,1,1,0,1,1,0,1,1,1,0,1,1,0,1,1,1,0,1,1,1,0,0,0,0,1,0,0,1,0,0,0,.,.
South Carolina,6/5/2016,5/2/2018,1,1,0,1,1,0,1,1,1,0,1,1,0,1,1,1,0,1,1,1,1,0,0,0,1,0,0,1,0,0,0,.,.
South Carolina,5/3/2018,1/1/2022,1,1,0,1,1,0,1,1,1,0,1,1,0,1,1,1,0,1,1,1,1,0,0,0,1,0,0,1,0,0,0,.,.
South Dakota,1/1/2001,6/30/2015,0,.,.,.,.,.,.,.,.,.,.,.,.,.,.,.,.,.,.,.,.,.,.,.,.,.,.,.,.,.,.,.,.
South Dakota,7/1/2015,6/30/2016,1,0,.,.,1,0,0,0,0,.,.,0,.,.,0,0,.,.,0,.,.,.,.,.,0,.,.,0,.,.,0,.,.
South Dakota,7/1/2016,1/1/2022,1,1,0,0,1,0,0,1,1,0,0,1,0,0,1,1,0,0,1,1,0,0,0,0,0,.,.,0,.,.,0,.,.
Tennessee,1/1/2001,6/30/2014,0,.,.,.,.,.,.,.,.,.,.,.,.,.,.,.,.,.,.,.,.,.,.,.,.,.,.,.,.,.,.,.,.
Tennessee,7/1/2014,6/30/2015,1,0,.,.,1,0,1,1,0,.,.,1,0,1,1,1,0,1,1,1,0,0,0,0,0,.,.,1,0,1,0,.,.
Tennessee,7/1/2015,3/9/2016,1,0,.,.,1,0,1,1,0,.,.,1,0,1,1,1,0,1,1,1,0,0,0,0,0,.,.,1,0,1,0,.,.
Tennessee,3/10/2016,6/30/2017,1,0,.,.,1,0,1,1,0,.,.,1,0,1,1,1,0,1,1,1,1,1,0,0,0,.,.,1,0,1,0,.,.
Tennessee,7/1/2017,1/1/2022,1,0,.,.,1,0,1,1,0,.,.,1,0,1,1,1,0,1,1,1,1,1,0,0,0,.,.,1,0,1,0,.,.
Texas,1/1/2001,8/31/2015,0,.,.,.,.,.,.,.,.,.,.,.,.,.,.,.,.,.,.,.,.,.,.,.,.,.,.,.,.,.,.,.,.
Texas,9/1/2015,12/18/2016,1,1,0,1,1,0,1,1,1,0,1,1,0,1,1,1,0,1,1,1,0,0,0,0,1,0,1,1,0,1,1,0,0
Texas,12/19/2016,8/31/2017,1,1,0,1,1,0,1,1,1,0,1,1,0,1,1,1,0,1,1,1,0,0,0,0,1,0,1,1,0,1,1,0,0
Texas,9/1/2017,1/1/2022,1,1,0,1,1,0,1,1,1,0,1,1,0,1,1,1,0,1,1,1,0,0,0,0,1,0,1,1,0,1,1,0,0
Utah,1/1/2001,5/12/2014,0,.,.,.,.,.,.,.,.,.,.,.,.,.,.,.,.,.,.,.,.,.,.,.,.,.,.,.,.,.,.,.,.
Utah,5/13/2014,5/9/2016,1,1,0,0,1,0,0,1,1,0,0,1,0,0,1,1,0,0,0,.,.,.,.,.,0,.,.,1,0,0,0,.,.
Utah,5/10/2016,5/8/2017,1,1,0,0,1,0,0,1,1,0,0,1,0,0,1,1,0,0,1,1,0,0,0,0,0,.,.,1,0,0,0,.,.
Utah,5/9/2017,5/13/2019,1,1,0,0,1,0,0,1,1,0,0,1,0,0,1,1,0,0,1,1,0,0,0,0,0,.,.,1,0,0,0,.,.
Utah,5/14/2019,5/4/2021,1,1,0,0,1,0,0,1,1,0,0,1,0,0,1,1,0,0,1,1,0,0,0,0,0,.,.,1,0,0,0,.,.
Utah,5/5/2021,1/1/2022,1,1,0,0,1,0,0,1,1,0,0,1,0,0,1,1,0,0,1,1,0,0,0,0,0,.,.,1,0,0,0,.,.
Vermont,1/1/2001,6/30/2013,0,.,.,.,.,.,.,.,.,.,.,.,.,.,.,.,.,.,.,.,.,.,.,.,.,.,.,.,.,.,.,.,.
Vermont,7/1/2013,6/30/2014,1,1,0,0,1,0,0,0,1,0,0,1,0,0,0,1,0,0,1,1,0,0,0,0,1,0,0,1,0,0,1,0,0
Vermont,7/1/2014,5/27/2015,1,1,0,0,1,0,0,0,1,0,0,1,0,0,0,1,0,0,1,1,1,0,0,0,1,0,0,1,0,0,1,0,0
Vermont,5/28/2015,9/30/2020,1,1,0,0,1,0,0,0,1,0,0,1,0,0,0,1,0,0,1,1,1,0,0,0,1,0,0,1,0,0,1,0,0
Vermont,10/1/2020,6/30/2021,1,1,0,0,1,0,0,0,1,0,0,1,0,0,0,1,0,0,1,1,1,0,1,0,1,0,0,1,0,0,1,0,0
Vermont,7/1/2021,1/1/2022,1,1,0,0,1,0,0,0,1,0,0,1,0,0,0,1,0,0,1,1,1,0,1,0,1,0,0,1,0,0,1,0,0
Virginia,1/1/2001,6/30/2013,0,.,.,.,.,.,.,.,.,.,.,.,.,.,.,.,.,.,.,.,.,.,.,.,.,.,.,.,.,.,.,.,.
Virginia,7/1/2013,6/30/2014,1,0,.,.,0,.,.,0,0,.,.,0,.,.,0,1,1,0,0,.,.,.,.,.,0,.,.,1,1,0,0,.,.
Virginia,7/1/2014,4/14/2015,1,0,.,.,0,.,.,0,0,.,.,0,.,.,0,1,1,0,0,.,.,.,.,.,0,.,.,1,1,0,0,.,.
Virginia,4/15/2015,6/30/2015,1,0,.,.,1,0,0,0,0,.,.,1,0,0,0,0,.,.,1,1,1,0,0,0,0,.,.,1,0,0,0,.,.
Virginia,7/1/2015,6/30/2016,1,0,.,.,1,0,0,0,0,.,.,1,0,0,0,0,.,.,1,1,1,0,0,0,0,.,.,1,0,0,0,.,.
Virginia,7/1/2016,2/12/2017,1,0,.,.,1,0,0,0,0,.,.,1,0,0,0,0,.,.,1,1,1,0,0,0,0,.,.,1,0,0,0,.,.
Virginia,2/13/2017,2/19/2017,1,0,.,.,1,0,0,0,0,.,.,1,0,0,0,0,.,.,1,1,1,0,0,0,0,.,.,1,0,0,0,.,.
Virginia,2/20/2017,6/30/2017,1,0,.,.,1,0,0,0,0,.,.,1,0,0,0,0,.,.,1,1,1,0,0,0,0,.,.,1,0,0,0,.,.
Virginia,7/1/2017,6/30/2018,1,0,.,.,1,0,0,0,0,.,.,1,0,0,0,0,.,.,1,1,1,0,0,0,0,.,.,1,0,0,0,.,.
Virginia,7/1/2018,6/30/2019,1,0,.,.,1,0,0,0,0,.,.,1,0,0,0,0,.,.,1,1,1,0,0,0,0,.,.,1,0,0,0,.,.
Virginia,7/1/2019,6/30/2020,1,0,.,.,1,0,0,0,0,.,.,1,0,0,0,0,.,.,1,1,1,0,0,0,0,.,.,1,0,0,0,.,.
Virginia,7/1/2020,6/30/2021,1,0,.,.,1,0,0,0,0,.,.,1,0,0,0,0,.,.,1,1,1,0,0,0,0,.,.,1,0,0,0,.,.
Virginia,7/1/2021,12/31/2021,1,0,.,.,1,0,0,0,0,.,.,1,0,0,0,0,.,.,1,1,1,0,0,0,0,.,.,1,0,0,0,.,.
Virginia,1/1/2022,1/1/2022,1,0,.,.,1,0,0,0,0,.,.,1,0,0,0,0,.,.,1,1,1,0,0,0,0,.,.,1,0,0,0,.,.
Washington,1/1/2001,6/9/2010,0,.,.,.,.,.,.,.,.,.,.,.,.,.,.,.,.,.,.,.,.,.,.,.,.,.,.,.,.,.,.,.,.
Washington,6/10/2010,12/5/2012,1,0,.,.,0,.,.,1,0,.,.,0,.,.,1,1,0,0,0,.,.,.,.,.,1,0,0,0,.,.,0,.,.
Washington,12/6/2012,7/23/2015,1,0,.,.,0,.,.,1,0,.,.,0,.,.,1,1,0,0,0,.,.,.,.,.,1,0,0,0,.,.,0,.,.
Washington,7/24/2015,7/22/2017,1,1,0,1,1,0,1,1,1,0,1,1,0,1,1,1,0,1,1,1,1,1,0,0,1,0,1,1,0,1,0,.,.
Washington,7/23/2017,7/27/2019,1,1,0,1,1,0,1,1,1,0,1,1,0,1,1,1,0,1,1,1,1,1,0,0,1,0,1,1,0,1,0,.,.
Washington,7/28/2019,5/12/2021,1,1,0,1,1,0,1,1,1,0,1,1,0,1,1,1,0,1,1,1,1,1,0,0,1,0,1,1,0,1,0,.,.
Washington,5/13/2021,1/1/2022,1,1,0,1,1,0,1,1,1,0,1,1,0,1,1,1,0,1,1,1,1,1,0,0,1,0,1,1,0,1,0,.,.
West Virginia,1/1/2001,5/26/2015,0,.,.,.,.,.,.,.,.,.,.,.,.,.,.,.,.,.,.,.,.,.,.,.,.,.,.,.,.,.,.,.,.
West Virginia,5/27/2015,6/9/2016,1,1,0,0,1,0,0,0,1,0,0,1,0,0,0,1,0,0,0,.,.,.,.,.,0,.,.,1,0,0,1,0,0
West Virginia,6/10/2016,6/4/2018,1,1,0,0,1,0,0,0,1,0,0,1,0,0,0,1,0,0,1,0,1,0,0,0,1,0,0,1,0,0,1,0,0
West Virginia,6/5/2018,3/5/2020,1,1,0,0,1,0,0,0,1,0,0,1,0,0,0,1,0,0,1,0,1,0,0,0,1,0,0,1,0,0,1,0,0
West Virginia,3/6/2020,1/1/2022,1,1,0,1,1,0,1,0,1,0,0,1,0,0,0,1,0,1,1,0,1,0,0,0,1,0,1,1,0,1,1,0,0
Wisconsin,1/1/2001,4/8/2014,0,.,.,.,.,.,.,.,.,.,.,.,.,.,.,.,.,.,.,.,.,.,.,.,.,.,.,.,.,.,.,.,.
Wisconsin,4/9/2014,4/9/2014,1,1,0,0,1,0,0,1,1,0,0,1,0,0,1,1,0,0,1,1,0,0,0,0,1,0,0,1,0,0,1,0,0
Wisconsin,4/10/2014,4/17/2014,1,1,0,0,1,0,0,1,1,0,0,1,0,0,1,1,0,0,1,1,0,0,0,0,1,0,0,1,0,0,1,0,0
Wisconsin,4/18/2014,3/24/2015,1,1,0,0,1,0,0,1,1,0,0,1,0,0,1,1,0,0,1,1,0,0,0,0,1,0,0,1,0,0,1,0,0
Wisconsin,3/25/2015,6/30/2015,1,1,0,0,1,0,0,1,1,0,0,1,0,0,1,1,0,0,1,1,0,0,0,0,1,0,0,1,0,0,1,0,0
Wisconsin,7/1/2015,7/2/2015,1,1,0,0,1,0,0,1,1,0,0,1,0,0,1,1,0,0,1,1,0,0,0,0,1,0,0,1,0,0,1,0,0
Wisconsin,7/3/2015,7/13/2015,1,1,0,0,1,0,0,1,1,0,0,1,0,0,1,1,0,0,1,1,0,0,0,0,1,0,0,1,0,0,1,0,0
Wisconsin,7/14/2015,12/9/2015,1,1,0,0,1,0,0,1,1,0,0,1,0,0,1,1,0,0,1,1,0,0,0,0,1,0,0,1,0,0,1,0,0
Wisconsin,12/10/2015,3/31/2016,1,1,0,0,1,0,0,1,1,0,0,1,0,0,1,1,0,0,1,1,0,0,0,0,1,0,0,1,0,0,1,0,0
Wisconsin,4/1/2016,6/22/2017,1,1,0,0,1,0,0,1,1,0,0,1,0,0,1,1,0,0,1,1,0,0,0,0,1,0,0,1,0,0,1,0,0
Wisconsin,6/23/2017,12/11/2017,1,1,0,0,1,0,0,1,1,0,0,1,0,0,1,1,0,0,1,1,0,0,0,0,1,0,0,1,0,0,1,0,0
Wisconsin,12/12/2017,3/28/2018,1,1,0,0,1,0,0,1,1,0,0,1,0,0,1,1,0,0,1,1,0,0,0,0,1,0,0,1,0,0,1,0,0
Wisconsin,3/29/2018,4/4/2018,1,1,0,0,1,0,0,1,1,0,0,1,0,0,1,1,0,0,1,1,0,0,0,0,1,0,0,1,0,0,1,0,0
Wisconsin,4/5/2018,4/17/2018,1,1,0,0,1,0,0,1,1,0,0,1,0,0,1,1,0,0,1,1,0,0,0,0,1,0,0,1,0,0,1,0,0
Wisconsin,4/18/2018,11/20/2019,1,1,0,0,1,0,0,1,1,0,0,1,0,0,1,1,0,0,1,1,0,0,0,0,1,0,0,1,0,0,1,0,0
Wisconsin,11/21/2019,2/6/2020,1,1,0,0,1,0,0,1,1,0,0,1,0,0,1,1,0,0,1,1,0,0,0,0,1,0,0,1,0,0,1,0,0
Wisconsin,2/7/2020,3/4/2020,1,1,0,0,1,0,0,1,1,0,0,1,0,0,1,1,0,0,1,1,0,0,0,0,1,0,0,1,0,0,1,0,0
Wisconsin,3/5/2020,4/16/2020,1,1,0,0,1,0,0,1,1,0,0,1,0,0,1,1,0,0,1,1,0,0,0,0,1,0,0,1,0,0,1,0,0
Wisconsin,4/17/2020,4/16/2021,1,1,0,0,1,0,0,1,1,0,0,1,0,0,1,1,0,0,1,1,0,0,0,0,1,0,0,1,0,0,1,0,0
Wisconsin,4/17/2021,1/1/2022,1,1,0,0,1,0,0,1,1,0,0,1,0,0,1,1,0,0,1,1,0,0,0,0,1,0,0,1,0,0,1,0,0
Wyoming,1/1/2001,6/30/2017,0,.,.,.,.,.,.,.,.,.,.,.,.,.,.,.,.,.,.,.,.,.,.,.,.,.,.,.,.,.,.,.,.
Wyoming,7/1/2017,2/25/2019,1,1,0,1,1,0,1,1,1,0,1,1,0,1,1,1,0,1,1,1,0,0,1,0,1,0,0,1,0,0,0,.,.
Wyoming,2/26/2019,1/1/2022,1,1,0,1,1,0,1,1,1,0,1,1,0,1,1,1,0,1,1,1,0,0,1,0,1,0,0,1,0,0,0,.,.